City,date,pm25,pm10
Lviv,4/4/22,42, 
Lviv,4/3/22,36,15
Lviv,4/2/22,57,13
Lviv,4/1/22,86,20
Lviv,3/31/22,115,38
Lviv,3/30/22,64,52
Lviv,3/29/22,33,28
Lviv,3/28/22,20,18
Lviv,3/27/22,86,11
Lviv,3/26/22,67,46
Lviv,3/25/22,73,32
Lviv,3/24/22,66,35
Lviv,3/23/22,79,29
Lviv,3/22/22,67,39
Lviv,3/21/22,87,31
Lviv,3/20/22,79,41
Lviv,3/19/22,70,40
Lviv,3/18/22,92,35
Lviv,3/17/22,134,43
Lviv,3/16/22,117,63
Lviv,3/15/22,85,55
Lviv,3/14/22,61,42
Lviv,3/13/22,46,29
Lviv,3/12/22,57,23
Lviv,3/11/22,58,27
Lviv,3/10/22,45,26
Lviv,3/9/22,45,19
Lviv,3/8/22,55,19
Lviv,3/7/22,52,22
Lviv,3/6/22,45,22
Lviv,3/5/22,99,18
Lviv,3/4/22,60,48
Lviv,3/3/22,47,28
Lviv,3/2/22, ,21
Lviv,9/28/21,40, 
Lviv,9/27/21,55,24
Lviv,9/26/21,41,20
Lviv,9/25/21,23,20
Lviv,9/24/21, ,16
Lviv,9/13/21,112, 
Lviv,9/12/21,98,59
Lviv,9/11/21,70,46
Lviv,9/10/21,72,35
Lviv,9/9/21,71,36
Lviv,9/8/21,66,35
Lviv,9/7/21,24,34
Lviv,9/6/21,16,14
Lviv,9/5/21,48,9
Lviv,9/4/21,48,21
Lviv,9/3/21,35,24
Lviv,9/2/21, ,17
Lviv,8/25/21,83, 
Lviv,8/24/21,83,32
Lviv,8/23/21,60,33
Lviv,8/22/21,53,23
Lviv,8/21/21,39,23
Lviv,8/20/21,35,18
Lviv,8/19/21,43,16
Lviv,8/18/21,52,19
Lviv,8/17/21,43,21
Lviv,8/16/21,48,17
Lviv,8/15/21,49,19
Lviv,8/14/21,38,21
Lviv,8/13/21,30,20
Lviv,8/12/21,34,13
Lviv,8/11/21,38,15
Lviv,8/10/21,31,15
Lviv,8/9/21,23,13
Lviv,8/8/21,17,11
Lviv,8/7/21,24,9
Lviv,8/6/21,61,11
Lviv,8/5/21, ,23
Lviv,7/6/21,62, 
Lviv,7/5/21,36,28
Lviv,7/4/21,43,13
Lviv,7/3/21,42,16
Lviv,7/2/21,62,16
Lviv,7/1/21,73,25
Lviv,6/30/21,33,29
Lviv,6/29/21,46,15
Lviv,6/28/21,36,17
Lviv,6/27/21,49,14
Lviv,6/26/21,36,22
Lviv,6/25/21,49,23
Lviv,6/24/21,47,37
Lviv,6/23/21,37,38
Lviv,6/22/21,33,26
Lviv,6/21/21,44,21
Lviv,6/20/21,32,19
Lviv,6/19/21,33,15
Lviv,6/18/21,37,16
Lviv,6/17/21,29,17
Lviv,6/16/21,26,14
Lviv,6/15/21,22,12
Lviv,6/14/21,34,12
Lviv,6/13/21,42,15
Lviv,6/12/21,46,16
Lviv,6/11/21,33,19
Lviv,6/10/21,29,13
Lviv,6/9/21,23,15
Lviv,6/8/21,22,15
Lviv,6/7/21,53,13
Lviv,6/6/21,44,22
Lviv,6/5/21,23,22
Lviv,6/4/21,22,19
Lviv,6/3/21,20,14
Lviv,6/2/21,33,12
Lviv,6/1/21,32,20
Lviv,5/31/21,28,15
Lviv,5/30/21,39,10
Lviv,5/29/21,16,15
Lviv,5/28/21,28,9
Lviv,5/27/21,19,14
Lviv,5/26/21,27,10
Lviv,5/25/21,23,14
Lviv,5/24/21,16,12
Lviv,5/23/21,15,9
Lviv,5/22/21,27,13
Lviv,5/21/21,33,15
Lviv,5/20/21,28,16
Lviv,5/19/21,40,11
Lviv,5/18/21,27,17
Lviv,5/17/21,33,12
Lviv,5/16/21,50,14
Lviv,5/15/21,17,22
Lviv,5/14/21,30,11
Lviv,5/13/21,22,17
Lviv,5/12/21,19,17
Lviv,5/11/21,24,16
Lviv,5/10/21,34,14
Lviv,5/9/21,25,14
Lviv,5/8/21,20,10
Lviv,5/7/21,17,11
Lviv,5/6/21,23,10
Lviv,5/5/21,34,13
Lviv,5/4/21,18,15
Lviv,5/3/21,88,8
Lviv,5/2/21,71,53
Lviv,5/1/21,52,30
Lviv,4/30/21,92,21
Lviv,4/29/21,59,42
Lviv,4/28/21,46,30
Lviv,4/27/21,41,22
Lviv,4/26/21,61,19
Lviv,4/25/21,52,28
Lviv,4/24/21,39,25
Lviv,4/23/21, ,18
Lviv,4/9/21,57, 
Lviv,4/8/21,67,26
Lviv,4/7/21,42,33
Lviv,4/6/21,63,18
Lviv,4/5/21,47,32
Lviv,4/4/21,54,19
Lviv,4/3/21,51,24
Lviv,4/2/21,92,24
Lviv,4/1/21,101,42
Lviv,3/31/21,102,47
Lviv,3/30/21,81,46
Lviv,3/29/21,50,39
Lviv,3/28/21,140,22
Lviv,3/27/21,146,74
Lviv,3/26/21,71,75
Lviv,3/25/21,22,34
Lviv,3/24/21,71,13
Lviv,3/23/21,54,35
Lviv,3/22/21,84,26
Lviv,3/21/21,97,39
Lviv,3/20/21,75,46
Lviv,3/19/21,45,35
Lviv,3/18/21,43,19
Lviv,3/17/21,67,20
Lviv,3/16/21,83,29
Lviv,3/15/21,66,36
Lviv,3/14/21,64,27
Lviv,3/13/21,82,30
Lviv,3/12/21,94,36
Lviv,3/11/21,68,47
Lviv,3/10/21,61,31
Lviv,3/9/21,54,29
Lviv,3/8/21,61,26
Lviv,3/7/21,56,27
Lviv,3/6/21,106,27
Lviv,3/5/21,116,58
Lviv,3/4/21,146,57
Lviv,3/3/21,119,72
Lviv,3/2/21,78,61
Lviv,3/1/21,59,38
Lviv,2/28/21,49,27
Lviv,2/27/21,103,23
Lviv,2/26/21,103,60
Lviv,2/25/21,161,60
Lviv,2/24/21,149,101
Lviv,2/23/21,127,75
Lviv,2/22/21,110,61
Lviv,2/21/21,149,55
Lviv,2/20/21,117,94
Lviv,2/19/21,145,63
Lviv,2/18/21,107,93
Lviv,2/17/21,66,56
Lviv,2/16/21,85,33
Lviv,2/15/21,69,46
Lviv,2/14/21,63,35
Lviv,2/13/21,58,33
Lviv,2/12/21,128,31
Lviv,2/11/21,148,75
Lviv,2/10/21,117,83
Lviv,2/9/21,71,62
Lviv,2/8/21,70,38
Lviv,2/7/21,63,39
Lviv,2/6/21, ,29
Lviv,1/31/21,114, 
Lviv,1/30/21,64,58
Lviv,1/29/21,74,30
Lviv,1/28/21,112,36
Lviv,1/27/21,70,54
Lviv,1/26/21,95,34
Lviv,1/25/21,94,44
Lviv,1/24/21,49,42
Lviv,1/23/21,40,22
Lviv,1/22/21,64,17
Lviv,1/21/21,106,28
Lviv,1/20/21,153,53
Lviv,1/19/21,104,90
Lviv,1/18/21,95,62
Lviv,1/17/21,82,50
Lviv,1/16/21,59,45
Lviv,1/15/21,71,30
Lviv,1/14/21,77,34
Lviv,1/13/21,124,38
Lviv,1/12/21,67,62
Lviv,1/11/21,86,32
Lviv,1/10/21,92,41
Lviv,1/9/21,91,46
Lviv,1/8/21,96,45
Lviv,1/7/21,73,50
Lviv,1/6/21,68,35
Lviv,1/5/21,137,34
Lviv,1/4/21,118,69
Lviv,1/3/21,76,57
Lviv,1/2/21,73,34
Lviv,1/1/21,98,37
Lviv,12/31/20,56,46
Lviv,12/30/20,46,28
Lviv,12/29/20,70,22
Lviv,12/28/20,73,31
Lviv,12/27/20,54,35
Lviv,12/26/20,35,23
Lviv,12/25/20,65,14
Lviv,12/24/20,70,27
Lviv,12/23/20,100,31
Lviv,12/22/20,95,52
Lviv,12/21/20,105,51
Lviv,12/20/20,101,64
Lviv,12/19/20,101,51
Lviv,12/18/20,123,56
Lviv,12/17/20,109,68
Lviv,12/16/20,89,57
Lviv,12/15/20,78,46
Lviv,12/14/20,109,42
Lviv,12/13/20,76,64
Lviv,12/12/20,92,37
Lviv,12/11/20,80,46
Lviv,12/10/20,94,42
Lviv,12/9/20, ,54
Lviv,12/3/20,92, 
Lviv,12/2/20,116,47
Lviv,12/1/20,125,64
Lviv,11/30/20,83,66
Lviv,11/29/20,102,37
Lviv,11/28/20,111,53
Lviv,11/27/20,147,60
Lviv,11/26/20,76,82
Lviv,11/25/20,69,40
Lviv,11/24/20,51,37
Lviv,11/23/20,53,22
Lviv,11/22/20,90,28
Lviv,11/21/20,60,52
Lviv,11/20/20,103,29
Lviv,11/19/20,114,55
Lviv,11/18/20,144,59
Lviv,11/17/20,101,69
Lviv,11/16/20,51,48
Lviv,11/15/20,65,22
Lviv,11/14/20,90,30
Lviv,11/13/20,96,46
Lviv,11/12/20,93,50
Lviv,11/11/20,106,48
Lviv,11/10/20,136,52
Lviv,11/9/20,83,76
Lviv,11/8/20,78,38
Lviv,11/7/20,96,35
Lviv,11/6/20,69,47
Lviv,11/5/20,91,34
Lviv,11/4/20,66,48
Lviv,11/3/20,83,30
Lviv,11/2/20,71,41
Lviv,11/1/20,72,34
Lviv,10/31/20,77,35
Lviv,10/30/20,101,38
Lviv,10/29/20,116,47
Lviv,10/28/20,109,55
Lviv,10/27/20,127,56
Lviv,10/26/20,98,59
Lviv,10/25/20,88,54
Lviv,10/24/20,63,39
Lviv,10/23/20,59,27
Lviv,10/22/20,48,26
Lviv,10/21/20,62,21
Lviv,10/20/20,36,26
Lviv,10/19/20,29,15
Lviv,10/18/20,82,12
Lviv,10/17/20,83,44
Lviv,10/16/20,17,36
Lviv,10/15/20,8,9
Lviv,10/14/20,80,5
Lviv,10/13/20,77,39
Lviv,10/12/20,94,38
Lviv,10/11/20,80,43
Lviv,10/10/20,77,37
Lviv,10/9/20,51,34
Lviv,10/8/20,27,21
Lviv,10/7/20,35,15
Lviv,10/6/20,93,19
Lviv,10/5/20,41,40
Lviv,10/4/20,41,19
Lviv,10/3/20,47,17
Lviv,10/2/20,47,19
Lviv,10/1/20,61,24
Lviv,9/30/20,45,32
Lviv,9/29/20,44,18
Lviv,9/28/20,30,21
Lviv,9/27/20,55,12
Lviv,9/26/20,62,28
Lviv,9/25/20,53,32
Lviv,9/24/20,53,30
Lviv,9/23/20,45,35
Lviv,9/22/20,26,25
Lviv,9/21/20,50,16
Lviv,9/20/20,39,28
Lviv,9/19/20,16,22
Lviv,9/18/20,88,12
Lviv,9/17/20,90,42
Lviv,9/16/20,102,43
Lviv,9/15/20,46,51
Lviv,9/14/20,78,25
Lviv,9/13/20,81,36
Lviv,9/12/20,33,39
Lviv,9/11/20,63,20
Lviv,9/10/20,91,31
Lviv,9/9/20,55,44
Lviv,9/8/20,63,26
Lviv,9/7/20,62,38
Lviv,9/6/20,79,27
Lviv,9/5/20,31,33
Lviv,9/4/20,46,16
Lviv,9/3/20,22,19
Lviv,9/2/20,56,12
Lviv,9/1/20,29,22
Lviv,8/31/20,50,17
Lviv,8/30/20,31,22
Lviv,8/29/20,18,17
Lviv,8/28/20,20,10
Lviv,8/27/20,47,11
Lviv,8/26/20,56,24
Lviv,8/25/20,45,24
Lviv,8/24/20,58,17
Lviv,8/23/20,60,24
Lviv,8/22/20,69,27
Lviv,8/21/20,74,32
Lviv,8/20/20,56,30
Lviv,8/19/20,52,20
Lviv,8/18/20,48,22
Lviv,8/17/20,30,22
Lviv,8/16/20,36,15
Lviv,8/15/20,37,19
Lviv,8/14/20,30,19
Lviv,8/13/20,24,18
Lviv,8/12/20, ,15
Lviv,8/8/20,70, 
Lviv,8/7/20,57,27
Lviv,8/6/20,68,25
Lviv,8/5/20,44,27
Lviv,8/4/20,24,26
Lviv,8/3/20,27,15
Lviv,8/2/20,19,12
Lviv,8/1/20,33,11
Lviv,7/31/20,42,21
Lviv,7/30/20,33,20
Lviv,7/29/20,47,16
Lviv,7/28/20,45,18
Lviv,7/27/20,64,16
Lviv,7/26/20,56,23
Lviv,7/25/20,29,23
Lviv,7/24/20,20,18
Lviv,7/23/20,41,16
Lviv,7/22/20,50,22
Lviv,7/21/20,40,22
Lviv,7/20/20,39,16
Lviv,7/19/20,49,15
Lviv,7/18/20,41,18
Lviv,7/17/20,39,15
Lviv,7/16/20,33,19
Lviv,7/15/20,21,16
Lviv,7/14/20,16,12
Lviv,7/13/20,11,9
Lviv,7/12/20,28,6
Lviv,7/11/20,31,16
Lviv,7/10/20,22,19
Lviv,7/9/20,26,10
Lviv,7/8/20,16,14
Lviv,7/7/20,41,8
Lviv,7/6/20,46,15
Lviv,7/5/20,45,18
Lviv,7/4/20,62,16
Lviv,7/3/20,26,26
Lviv,7/2/20,21,14
Lviv,7/1/20,33,14
Lviv,6/30/20,50,14
Lviv,6/29/20,37,18
Lviv,6/28/20,42,14
Lviv,6/27/20,36,17
Lviv,6/26/20,42,20
Lviv,6/25/20,32,18
Lviv,6/24/20,50,12
Lviv,6/23/20,61,20
Lviv,6/22/20,45,25
Lviv,6/21/20,51,17
Lviv,6/20/20,53,18
Lviv,6/19/20,38,21
Lviv,6/18/20,53,16
Lviv,6/17/20,62,20
Lviv,6/16/20,61,29
Lviv,6/15/20,64,30
Lviv,6/14/20,41,28
Lviv,6/13/20,31,18
Lviv,6/12/20,120,17
Lviv,6/11/20,82,75
Lviv,6/10/20,50,35
Lviv,6/9/20,32,19
Lviv,6/8/20, ,16
Lviv,6/7/20,18, 
Lviv,6/6/20,18,7
Lviv,6/5/20,40,10
Lviv,6/4/20,18,21
Lviv,6/3/20,16,9
Lviv,6/2/20,17,9
Lviv,6/1/20,10,10
Lviv,5/31/20,17,4
Lviv,5/30/20,22,10
Lviv,5/29/20,28,12
Lviv,5/28/20,38,12
Lviv,5/27/20,34,15
Lviv,5/26/20,30,15
Lviv,5/25/20,27,15
Lviv,5/24/20,21,13
Lviv,5/23/20,23,23
Lviv,5/22/20,12,13
Lviv,5/21/20,21,10
Lviv,5/20/20,34,11
Lviv,5/19/20,45,17
Lviv,5/18/20,40,19
Lviv,5/17/20,60,15
Lviv,5/16/20,87,24
Lviv,5/15/20,66,34
Lviv,5/14/20,33,25
Lviv,5/13/20,15,18
Lviv,5/12/20,25,12
Lviv,5/11/20,43,17
Lviv,5/10/20,48,18
Lviv,5/9/20,47,21
Lviv,5/8/20,21,21
Lviv,5/7/20,44,11
Lviv,5/6/20,58,18
Lviv,5/5/20,58,24
Lviv,5/4/20,54,21
Lviv,5/3/20,31,19
Lviv,5/2/20,67,12
Lviv,5/1/20,62,32
Lviv,4/30/20,35,25
Lviv,4/29/20,32,21
Lviv,4/28/20,32,18
Lviv,4/27/20,17,16
Lviv,4/26/20,43,10
Lviv,4/25/20,46,19
Lviv,4/24/20,29,26
Lviv,4/23/20,17,17
Lviv,4/22/20,31,11
Lviv,4/21/20,23,13
Lviv,4/20/20,27,12
Lviv,4/19/20,18,14
Lviv,4/18/20,34,12
Lviv,4/17/20,40,20
Lviv,4/16/20,47,27
Lviv,4/15/20,25,25
Lviv,4/14/20,48,14
Lviv,4/13/20,47,35
Lviv,4/12/20,35,22
Lviv,4/11/20,29,19
Lviv,4/10/20,66,19
Lviv,4/9/20,82,33
Lviv,4/8/20,71,40
Lviv,4/7/20,59,34
Lviv,4/6/20,49,31
Lviv,4/5/20,61,25
Lviv,4/4/20,64,33
Lviv,4/3/20,85,32
Lviv,4/2/20,93,41
Lviv,4/1/20,42,46
Lviv,3/31/20,43,23
Lviv,3/30/20,126,20
Lviv,3/29/20,115,59
Lviv,3/28/20,97,52
Lviv,3/27/20,74,45
Lviv,3/26/20,74,35
Lviv,3/25/20,56,39
Lviv,3/24/20,51,27
Lviv,3/23/20,25,22
Lviv,3/22/20,56,11
Lviv,3/21/20,100,25
Lviv,3/20/20,113,45
Lviv,3/19/20,123,52
Lviv,3/18/20,65,57
Lviv,3/17/20,59,30
Lviv,3/16/20,29,30
Lviv,3/15/20,27,15
Lviv,3/14/20,30,14
Lviv,3/13/20,44,17
Lviv,3/12/20,52,19
Lviv,3/11/20,112,25
Lviv,3/10/20,94,56
Lviv,3/9/20,84,44
Lviv,3/8/20,92,38
Lviv,3/7/20,112,42
Lviv,3/6/20,84,57
Lviv,3/5/20,58,40
Lviv,3/4/20,78,24
Lviv,3/3/20, ,38
Lviv,3/2/20,38, 
Lviv,3/1/20,87,17
Lviv,2/29/20,90,42
Lviv,2/28/20,54,45
Lviv,2/27/20,72,24
Lviv,2/26/20,47,32
Lviv,2/25/20,25,22
Lviv,2/24/20,43,12
Lviv,2/23/20,56,20
Lviv,2/22/20,86,30
Lviv,2/21/20,52,40
Lviv,2/20/20,63,24
Lviv,2/19/20,59,31
Lviv,2/18/20,49,26
Lviv,2/17/20,89,20
Lviv,2/16/20,94,44
Lviv,2/15/20,59,46
Lviv,2/14/20,43,27
Lviv,2/13/20,29,22
Lviv,2/12/20,29,17
Lviv,2/11/20,46,15
Lviv,2/10/20,76,20
Lviv,2/9/20,81,40
Lviv,2/8/20,32,44
Lviv,2/7/20,74,15
Lviv,2/6/20,35,38
Lviv,2/5/20,59,16
Lviv,2/4/20,33,29
Lviv,2/3/20,24,17
Lviv,2/2/20, ,14
Lviv,1/27/20,156, 
Lviv,1/26/20,92,89
Lviv,1/25/20,84,50
Lviv,1/24/20,58,45
Lviv,1/23/20,74,32
Lviv,1/22/20,89,39
Lviv,1/21/20,93,48
Lviv,1/20/20,128,54
Lviv,1/19/20,125,70
Lviv,1/18/20,131,67
Lviv,1/17/20,102,72
Lviv,1/16/20,82,50
Lviv,1/15/20,74,40
Lviv,1/14/20,55,35
Lviv,1/13/20,47,23
Lviv,1/12/20,58,19
Lviv,1/11/20,61,26
Lviv,1/10/20,87,27
Lviv,1/9/20,108,43
Lviv,1/8/20,69,56
Lviv,1/7/20,65,36
Lviv,1/6/20,29,37
Lviv,1/5/20,76,15
Lviv,1/4/20,86,38
Lviv,1/3/20,85,46
Lviv,1/2/20,35,49
Lviv,1/1/20, ,19
Lviv,12/30/19,35, 
Lviv,12/29/19,31,16
Lviv,12/28/19,52,13
Lviv,12/27/19,58,22
Lviv,12/26/19,58,27
Lviv,12/25/19,19,26
Lviv,12/24/19,73,8
Lviv,12/23/19,66,31
Lviv,12/22/19,95,31
Lviv,12/21/19,148,51
Lviv,12/20/19,99,81
Lviv,12/19/19,47,47
Lviv,12/18/19,48,24
Lviv,12/17/19,65,24
Lviv,12/16/19,39,32
Lviv,12/15/19,90,17
Lviv,12/14/19,77,48
Lviv,12/13/19,136,38
Lviv,12/12/19,86,70
Lviv,12/11/19,92,43
Lviv,12/10/19,60,44
Lviv,12/9/19,52,27
Lviv,12/8/19,73,21
Lviv,12/7/19,70,37
Lviv,12/6/19,76,35
Lviv,12/5/19,73,40
Lviv,12/4/19,98,36
Lviv,12/3/19,80,48
Lviv,12/2/19,100,40
Lviv,12/1/19,35,53
Lviv,11/30/19,71,17
Lviv,11/29/19,86,33
Lviv,11/28/19,102,41
Lviv,11/27/19,103,59
Lviv,11/26/19,85,58
Lviv,11/25/19,92,44
Lviv,11/24/19,76,51
Lviv,11/23/19,58,40
Lviv,11/22/19,59,26
Lviv,11/21/19,109,28
Lviv,11/20/19,107,63
Lviv,11/19/19,101,52
Lviv,11/18/19,103,50
Lviv,11/17/19,125,50
Lviv,11/16/19,135,63
Lviv,11/15/19, ,66
Lviv,11/14/19,76, 
Lviv,11/13/19,90,37
Lviv,11/12/19,93,44
Lviv,11/11/19,149,46
Lviv,11/10/19,98,93
Lviv,11/9/19,110,45
Lviv,11/8/19,80,85
Lviv,11/7/19,47,38
Lviv,11/6/19,36,21
Lviv,11/5/19,61,17
Lviv,11/4/19,38,27
Lviv,11/3/19,83,16
Lviv,11/2/19,105,42
Lviv,11/1/19,100,54
Lviv,10/31/19,50,51
Lviv,10/30/19,81,25
Lviv,10/29/19,76,40
Lviv,10/28/19,111,35
Lviv,10/27/19,137,49
Lviv,10/26/19,114,78
Lviv,10/25/19,124,57
Lviv,10/24/19,143,67
Lviv,10/23/19,110,69
Lviv,10/22/19,94,49
Lviv,10/21/19,87,43
Lviv,10/20/19,93,38
Lviv,10/19/19,105,42
Lviv,10/18/19,73,51
Lviv,10/17/19,97,34
Lviv,10/16/19,68,45
Lviv,10/15/19,51,33
Lviv,10/14/19,37,21
Lviv,10/13/19,28,17
Lviv,10/12/19,37,14
Lviv,10/11/19,52,17
Lviv,10/10/19,53,23
Lviv,10/9/19,56,21
Lviv,10/8/19,39,27
Lviv,10/7/19,78,17
Lviv,10/6/19,105,34
Lviv,10/5/19,80,47
Lviv,10/4/19,41,37
Lviv,10/3/19,33,19
Lviv,10/2/19,15,19
Lviv,10/1/19,19,10
Lviv,9/30/19,37,11
Lviv,9/29/19,60,17
Lviv,9/28/19,90,26
Lviv,9/27/19,95,42
Lviv,9/26/19,138,38
Lviv,9/25/19,76,69
Lviv,9/24/19,58,40
Lviv,9/23/19,32,27
Lviv,9/22/19,46,15
Lviv,9/21/19,35,21
Lviv,9/20/19,32,15
Lviv,9/19/19,20,19
Lviv,9/18/19,38,15
Lviv,9/17/19,29,23
Lviv,9/16/19,48,18
Lviv,9/15/19,42,29
Lviv,9/14/19,77,23
Lviv,9/13/19,49,36
Lviv,9/12/19,53,26
Lviv,9/11/19,19,28
Lviv,9/10/19,52,12
Lviv,9/9/19,72,31
Lviv,9/8/19,58,30
Lviv,9/7/19,38,30
Lviv,9/6/19,53,18
Lviv,9/5/19,46,25
Lviv,9/4/19,41,20
Lviv,9/3/19,67,18
Lviv,9/2/19,78,26
Lviv,9/1/19,75,32
Lviv,8/31/19,84,31
Lviv,8/30/19,48,41
Lviv,8/29/19,53,32
Lviv,8/28/19,61,26
Lviv,8/27/19,45,33
Lviv,8/26/19,45,23
Lviv,8/25/19,40,20
Lviv,8/24/19,40,18
Lviv,8/23/19,24,19
Lviv,8/22/19,61,14
Lviv,8/21/19,49,26
Lviv,8/20/19,17,20
Lviv,8/19/19,35,9
Lviv,8/18/19,51,15
Lviv,8/17/19,43,24
Lviv,8/16/19,23,18
Lviv,8/15/19,53,11
Lviv,8/14/19,54,22
Lviv,8/13/19,45,21
Lviv,8/12/19,28,17
Lviv,8/11/19,55,12
Lviv,8/10/19,59,25
Lviv,8/9/19,53,25
Lviv,8/8/19,48,20
Lviv,8/7/19,46,20
Lviv,8/6/19,33,19
Lviv,8/5/19,33,15
Lviv,8/4/19,34,14
Lviv,8/3/19,41,15
Lviv,8/2/19,52,18
Lviv,8/1/19,75,23
Lviv,7/31/19,50,32
Lviv,7/30/19,58,20
Lviv,7/29/19,57,24
Lviv,7/28/19,64,22
Lviv,7/27/19,50,30
Lviv,7/26/19,52,20
Lviv,7/25/19,31,22
Lviv,7/24/19,31,13
Lviv,7/23/19,51,15
Lviv,7/22/19,42,21
Lviv,7/21/19,48,16
Lviv,7/20/19,31,21
Lviv,7/19/19,23,15
Lviv,7/18/19,44,11
Lviv,7/17/19,38,18
Lviv,7/16/19,20,18
Lviv,7/15/19,34,10
Lviv,7/14/19,29,12
Lviv,7/13/19,29,13
Lviv,7/12/19,30,13
Lviv,7/11/19,19,12
Lviv,7/10/19,28,10
Lviv,7/9/19,29,15
Lviv,7/8/19,29,14
Lviv,7/7/19,43,13
Lviv,7/6/19,31,18
Lviv,7/5/19,15,17
Lviv,7/4/19,17,12
Lviv,7/3/19,37,12
Lviv,7/2/19,31,17
Lviv,7/1/19,30,17
Lviv,6/30/19,11,15
Lviv,6/29/19,12,7
Lviv,6/28/19,43,7
Lviv,6/27/19,41,18
Lviv,6/26/19,518,18
Lviv,6/25/19,144,606
Lviv,6/24/19,153,128
Lviv,6/23/19,65,125
Lviv,6/22/19,51,23
Lviv,6/21/19,48,21
Lviv,6/20/19,45,24
Lviv,6/19/19,29,26
Lviv,6/18/19,39,16
Lviv,6/17/19,58,16
Lviv,6/16/19,45,25
Lviv,6/15/19,48,25
Lviv,6/14/19,55,24
Lviv,6/13/19,51,27
Lviv,6/12/19,49,26
Lviv,6/11/19,68,27
Lviv,6/10/19,74,30
Lviv,6/9/19,59,26
Lviv,6/8/19,47,24
Lviv,6/7/19,45,18
Lviv,6/6/19,37,19
Lviv,6/5/19,36,21
Lviv,6/4/19,25,17
Lviv,6/3/19,19,12
Lviv,6/2/19,19,8
Lviv,6/1/19,19,11
Lviv,5/31/19,55,10
Lviv,5/30/19,43,23
Lviv,5/29/19,45,18
Lviv,5/28/19, ,18
Lviv,5/26/19,52, 
Lviv,5/25/19, ,21
Lviv,9/24/21,,16
Lviv,4/23/21,,18
Lviv,2/6/21,,29
Lviv,12/9/20,,54
Lviv,8/12/20,,15
Lviv,6/8/20,,16
Lviv,1/1/20,,19
Lviv,2/2/20,,14
Lviv,3/3/20,,38
Lviv,11/15/19,,66
Lviv,5/25/19,,21
Lviv,5/28/19,,18
Dnipro,4/2/22,36,28
Dnipro,4/3/22,26,21
Dnipro,4/4/22,51,17
Dnipro,4/5/22,43,11
Dnipro,4/6/22,33,16
Dnipro,4/7/22,38,17
Dnipro,4/8/22,40,16
Dnipro,4/9/22,38,13
Dnipro,4/10/22,28,16
Dnipro,4/11/22,35,14
Dnipro,4/12/22,30,9
Dnipro,4/13/22,25,31
Dnipro,4/14/22,64,39
Dnipro,4/15/22,89,54
Dnipro,4/16/22,101,
Dnipro,4/4/22,27, 
Dnipro,4/3/22,16,14
Dnipro,4/2/22,24,19
Dnipro,4/1/22,37,24
Dnipro,3/31/22,58,23
Dnipro,3/30/22,19,34
Dnipro,3/29/22,12,13
Dnipro,3/28/22,9,7
Dnipro,3/27/22,40,5
Dnipro,3/26/22,24,22
Dnipro,3/25/22,40,14
Dnipro,3/24/22,40,22
Dnipro,3/23/22,12,22
Dnipro,3/22/22,32,8
Dnipro,3/21/22,23,17
Dnipro,3/20/22,21,11
Dnipro,3/19/22,18,10
Dnipro,3/18/22,20,8
Dnipro,3/17/22,14,10
Dnipro,3/16/22,30,6
Dnipro,3/15/22,34,14
Dnipro,3/14/22,19,16
Dnipro,3/13/22,12,10
Dnipro,3/12/22,16,7
Dnipro,3/11/22,20,8
Dnipro,3/10/22,39,10
Dnipro,3/9/22,25,19
Dnipro,3/8/22,28,11
Dnipro,3/7/22,20,13
Dnipro,3/6/22, ,9
Dnipro,3/4/22,30, 
Dnipro,3/3/22,37,15
Dnipro,3/2/22,37,18
Dnipro,3/1/22,21,19
Dnipro,2/28/22,21,9
Dnipro,2/27/22,32,10
Dnipro,2/26/22,40,16
Dnipro,2/25/22,51,19
Dnipro,2/24/22,43,30
Dnipro,2/23/22,44,24
Dnipro,2/22/22,27,24
Dnipro,2/21/22,24,14
Dnipro,2/20/22,38,13
Dnipro,2/19/22,41,21
Dnipro,2/18/22,37,23
Dnipro,2/17/22,49,18
Dnipro,2/16/22,46,29
Dnipro,2/15/22,52,32
Dnipro,2/14/22,39,37
Dnipro,2/13/22,49,22
Dnipro,2/12/22,54,28
Dnipro,2/11/22,49,27
Dnipro,2/10/22,32,29
Dnipro,2/9/22,64,17
Dnipro,2/8/22,35,38
Dnipro,2/7/22,35,17
Dnipro,2/6/22,33,17
Dnipro,2/5/22,46,16
Dnipro,2/4/22,73,24
Dnipro,2/3/22,69,51
Dnipro,2/2/22,28,44
Dnipro,2/1/22,30,15
Dnipro,1/31/22,24,13
Dnipro,1/30/22,44,11
Dnipro,1/29/22,51,23
Dnipro,1/28/22,48,30
Dnipro,1/27/22,45,30
Dnipro,1/26/22,28,25
Dnipro,1/25/22,36,15
Dnipro,1/24/22,59,19
Dnipro,1/23/22,32,36
Dnipro,1/22/22,32,16
Dnipro,1/21/22,48,16
Dnipro,1/20/22,12,29
Dnipro,1/19/22,22,6
Dnipro,1/18/22,28,12
Dnipro,1/17/22,9,14
Dnipro,1/16/22,4,4
Dnipro,1/15/22,39,2
Dnipro,1/14/22,16,20
Dnipro,1/13/22,16,8
Dnipro,1/12/22,33,8
Dnipro,1/11/22, ,15
Dnipro,1/9/22,47, 
Dnipro,1/8/22,33,28
Dnipro,1/7/22,63,18
Dnipro,1/6/22,45,38
Dnipro,1/5/22,37,25
Dnipro,1/4/22,32,18
Dnipro,1/3/22,20,15
Dnipro,1/2/22,49,12
Dnipro,1/1/22,62,29
Dnipro,12/31/21,61,38
Dnipro,12/30/21,48,37
Dnipro,12/29/21,34,27
Dnipro,12/28/21,69,17
Dnipro,12/27/21,41,45
Dnipro,12/26/21,56,24
Dnipro,12/25/21,23,28
Dnipro,12/24/21,16,12
Dnipro,12/23/21,11,8
Dnipro,12/22/21,15,5
Dnipro,12/21/21,25,6
Dnipro,12/20/21,22,12
Dnipro,12/19/21,20,9
Dnipro,12/18/21,48,10
Dnipro,12/17/21,56,29
Dnipro,12/16/21,42,35
Dnipro,12/15/21,55,24
Dnipro,12/14/21,44,35
Dnipro,12/13/21,37,22
Dnipro,12/12/21,32,18
Dnipro,12/11/21,43,14
Dnipro,12/10/21,40,20
Dnipro,12/9/21,36,20
Dnipro,12/8/21,50,15
Dnipro,12/7/21,45,27
Dnipro,12/6/21,42,22
Dnipro,12/5/21,27,20
Dnipro,12/4/21,29,11
Dnipro,12/3/21,24,16
Dnipro,12/2/21,30,11
Dnipro,12/1/21,27,14
Dnipro,11/30/21,45,11
Dnipro,11/29/21,53,25
Dnipro,11/28/21,46,25
Dnipro,11/27/21,57,24
Dnipro,11/26/21,46,34
Dnipro,11/25/21,34,24
Dnipro,11/24/21,17,18
Dnipro,11/23/21,69,8
Dnipro,11/22/21,26,42
Dnipro,11/21/21,42,13
Dnipro,11/20/21,93,27
Dnipro,11/19/21,71,63
Dnipro,11/18/21,70,46
Dnipro,11/17/21,24,44
Dnipro,11/16/21,37,13
Dnipro,11/15/21, ,16
Dnipro,4/3/21,67, 
Dnipro,4/2/21,91,37
Dnipro,4/1/21,68,43
Dnipro,3/31/21,46,33
Dnipro,3/30/21,68,19
Dnipro,3/29/21,88,30
Dnipro,3/28/21,63,41
Dnipro,3/27/21,61,30
Dnipro,3/26/21,83,31
Dnipro,3/25/21,64,40
Dnipro,3/24/21,52,30
Dnipro,3/23/21,52,26
Dnipro,3/22/21,61,23
Dnipro,3/21/21,75,27
Dnipro,3/20/21,64,47
Dnipro,3/19/21,113,53
Dnipro,3/18/21,79,69
Dnipro,3/17/21,45,40
Dnipro,3/16/21,50,25
Dnipro,3/15/21,52,19
Dnipro,3/14/21,66,23
Dnipro,3/13/21,29,33
Dnipro,3/12/21,42,15
Dnipro,3/11/21,22,21
Dnipro,3/10/21,28,10
Dnipro,3/9/21,50,13
Dnipro,3/8/21,46,21
Dnipro,3/7/21,39,22
Dnipro,3/6/21,97,19
Dnipro,3/5/21,64,56
Dnipro,3/4/21,38,32
Dnipro,3/3/21,60,21
Dnipro,3/2/21,52,28
Dnipro,3/1/21,48,23
Dnipro,2/28/21,88,21
Dnipro,2/27/21,124,47
Dnipro,2/26/21,65,66
Dnipro,2/25/21,31,43
Dnipro,2/24/21,57,17
Dnipro,2/23/21,127,30
Dnipro,2/22/21,90,63
Dnipro,2/21/21,96,49
Dnipro,2/20/21,80,60
Dnipro,2/19/21,71,51
Dnipro,2/18/21,67,41
Dnipro,2/17/21,45,42
Dnipro,2/16/21,42,23
Dnipro,2/15/21,28,21
Dnipro,2/14/21,25,15
Dnipro,2/13/21,51,12
Dnipro,2/12/21,83,30
Dnipro,2/11/21,88,46
Dnipro,2/10/21,56,47
Dnipro,2/9/21,36,29
Dnipro,2/8/21,28,18
Dnipro,2/7/21,25,13
Dnipro,2/6/21,38,11
Dnipro,2/5/21,63,15
Dnipro,2/4/21,61,26
Dnipro,2/3/21,85,28
Dnipro,2/2/21,76,48
Dnipro,2/1/21,50,39
Dnipro,1/31/21,74,21
Dnipro,1/30/21,44,36
Dnipro,1/29/21,40,16
Dnipro,1/28/21,69,18
Dnipro,1/27/21,43,31
Dnipro,1/26/21,59,20
Dnipro,1/25/21,40,28
Dnipro,1/24/21,86,16
Dnipro,1/23/21,102,46
Dnipro,1/22/21,91,59
Dnipro,1/21/21,97,59
Dnipro,1/20/21,71,66
Dnipro,1/19/21,57,48
Dnipro,1/18/21,43,35
Dnipro,1/17/21,56,24
Dnipro,1/16/21,79,30
Dnipro,1/15/21,91,46
Dnipro,1/14/21,55,51
Dnipro,1/13/21,48,25
Dnipro,1/12/21,82,22
Dnipro,1/11/21,103,43
Dnipro,1/10/21,92,56
Dnipro,1/9/21,52,47
Dnipro,1/8/21,71,22
Dnipro,1/7/21,72,35
Dnipro,1/6/21,54,39
Dnipro,1/5/21,62,23
Dnipro,1/4/21,82,27
Dnipro,1/3/21,78,39
Dnipro,1/2/21,78,39
Dnipro,1/1/21,77,38
Dnipro,12/31/20,69,42
Dnipro,12/30/20,73,34
Dnipro,12/29/20,41,38
Dnipro,12/28/20,72,19
Dnipro,12/27/20,74,33
Dnipro,12/26/20,59,36
Dnipro,12/25/20,48,29
Dnipro,12/24/20,64,22
Dnipro,12/23/20,59,37
Dnipro,12/22/20,44,29
Dnipro,12/21/20,75,19
Dnipro,12/20/20,86,49
Dnipro,12/19/20,58,53
Dnipro,12/18/20,83,25
Dnipro,12/17/20,52,44
Dnipro,12/16/20,101,24
Dnipro,12/15/20,77,63
Dnipro,12/14/20,65,40
Dnipro,12/13/20,46,33
Dnipro,12/12/20,37,22
Dnipro,12/11/20,40,18
Dnipro,12/10/20,44,19
Dnipro,12/9/20,38,21
Dnipro,12/8/20,39,19
Dnipro,12/7/20,34,21
Dnipro,12/6/20,47,17
Dnipro,12/5/20,66,23
Dnipro,12/4/20,70,37
Dnipro,12/3/20,66,41
Dnipro,12/2/20,78,35
Dnipro,12/1/20, ,45
Dnipro,11/30/20,54, 
Dnipro,11/29/20,55,21
Dnipro,11/28/20,52,23
Dnipro,11/27/20,63,20
Dnipro,11/26/20,87,28
Dnipro,11/25/20, ,49
Dnipro,11/20/20,54, 
Dnipro,11/19/20,53,31
Dnipro,11/18/20,37,24
Dnipro,11/17/20,57,15
Dnipro,11/16/20,89,30
Dnipro,11/15/20,112,49
Dnipro,11/14/20,80,59
Dnipro,11/13/20,64,40
Dnipro,11/12/20,27,27
Dnipro,11/11/20,24,13
Dnipro,11/10/20,55,9
Dnipro,11/9/20,91,25
Dnipro,11/8/20,41,45
Dnipro,11/7/20,66,14
Dnipro,11/6/20,71,28
Dnipro,11/5/20,94,30
Dnipro,11/4/20,59,45
Dnipro,11/3/20,87,23
Dnipro,11/2/20,90,41
Dnipro,11/1/20,101,48
Dnipro,10/31/20,66,54
Dnipro,10/30/20,46,37
Dnipro,10/29/20,54,29
Dnipro,10/28/20,34,26
Dnipro,10/27/20,47,16
Dnipro,10/26/20,89,19
Dnipro,10/25/20,97,39
Dnipro,10/24/20,48,45
Dnipro,10/23/20,51,19
Dnipro,10/22/20,54,20
Dnipro,10/21/20,47,26
Dnipro,10/20/20,40,21
Dnipro,10/19/20,40,15
Dnipro,10/18/20,58,15
Dnipro,10/17/20,41,24
Dnipro,10/16/20,28,16
Dnipro,10/15/20,46,11
Dnipro,10/14/20,104,30
Dnipro,10/13/20,106,56
Dnipro,10/12/20, ,56
Dnipro,10/11/20,69, 
Dnipro,10/10/20,28,120
Dnipro,10/9/20, ,28
Dnipro,10/8/20,34, 
Dnipro,10/7/20,16,43
Dnipro,10/6/20,52,13
Dnipro,10/5/20,49,27
Dnipro,10/4/20,92,36
Dnipro,10/3/20,67,50
Dnipro,10/2/20,55,51
Dnipro,10/1/20,84,52
Dnipro,9/30/20, ,147
Dnipro,9/26/20,85, 
Dnipro,9/25/20,50,53
Dnipro,9/24/20,60,38
Dnipro,9/23/20,69,31
Dnipro,9/22/20,50,39
Dnipro,9/21/20,32,29
Dnipro,9/20/20,25,15
Dnipro,9/19/20,11,14
Dnipro,9/18/20, ,11
Dnipro,9/17/20,23, 
Dnipro,9/16/20,16,7
Dnipro,9/15/20,15,12
Dnipro,9/14/20,50,9
Dnipro,9/13/20,30,27
Dnipro,9/12/20,30,15
Dnipro,9/11/20,41,15
Dnipro,9/10/20,22,19
Dnipro,9/9/20,27,12
Dnipro,9/8/20,31,17
Dnipro,9/7/20,25,23
Dnipro,9/6/20,23,19
Dnipro,9/5/20,35,16
Dnipro,9/4/20,56,24
Dnipro,9/3/20,45,49
Dnipro,9/2/20,43,40
Dnipro,9/1/20,26,25
Dnipro,8/31/20,24,14
Dnipro,8/30/20,28,11
Dnipro,8/29/20,34,12
Dnipro,8/28/20,37,14
Dnipro,8/27/20,26,17
Dnipro,8/26/20,30,12
Dnipro,8/25/20,33,14
Dnipro,8/24/20,27,13
Dnipro,8/23/20,54,10
Dnipro,8/22/20,48,17
Dnipro,8/21/20,35,17
Dnipro,8/20/20,46,17
Dnipro,8/19/20,52,20
Dnipro,8/18/20,41,25
Dnipro,8/17/20,33,19
Dnipro,8/16/20,31,14
Dnipro,8/15/20,13,11
Dnipro,8/14/20,11,6
Dnipro,8/13/20,35,5
Dnipro,8/12/20,46,12
Dnipro,8/11/20,32,17
Dnipro,8/10/20,21,14
Dnipro,8/9/20,35,9
Dnipro,8/8/20,36,13
Dnipro,8/7/20,40,15
Dnipro,8/6/20,41,17
Dnipro,8/5/20,39,16
Dnipro,8/4/20,28,18
Dnipro,8/3/20,13,11
Dnipro,8/2/20,15,5
Dnipro,8/1/20,53,6
Dnipro,7/31/20,29,20
Dnipro,7/30/20,24,16
Dnipro,7/29/20,26,11
Dnipro,7/28/20,34,14
Dnipro,7/27/20,42,16
Dnipro,7/26/20,32,19
Dnipro,7/25/20,25,15
Dnipro,7/24/20,22,11
Dnipro,7/23/20,25,12
Dnipro,7/22/20,27,10
Dnipro,7/21/20,30,11
Dnipro,7/20/20,43,14
Dnipro,7/19/20,38,20
Dnipro,7/18/20,36,16
Dnipro,7/17/20,27,15
Dnipro,7/16/20,17,14
Dnipro,7/15/20,15,8
Dnipro,7/14/20,29,5
Dnipro,7/13/20,21,12
Dnipro,7/12/20,24,13
Dnipro,7/11/20,29,11
Dnipro,7/10/20,10,13
Dnipro,7/9/20,26,6
Dnipro,7/8/20,40,10
Dnipro,7/7/20,48,28
Dnipro,7/6/20,41,20
Dnipro,7/5/20, ,41
Dnipro,7/2/20,21, 
Dnipro,7/1/20,61,7
Dnipro,6/30/20,38,19
Dnipro,6/29/20,37,12
Dnipro,6/28/20,41,12
Dnipro,6/27/20,18,14
Dnipro,6/26/20, ,9
Dnipro,6/23/20,30, 
Dnipro,6/22/20,32,11
Dnipro,6/21/20,23,17
Dnipro,6/20/20,18,18
Dnipro,6/19/20, ,17
Dnipro,6/18/20,37, 
Dnipro,6/17/20,38,17
Dnipro,6/16/20,36,19
Dnipro,6/15/20,40,15
Dnipro,6/14/20,55,14
Dnipro,6/13/20,26,24
Dnipro,6/12/20,18,21
Dnipro,6/11/20,23,16
Dnipro,6/10/20,20,18
Dnipro,6/9/20,19,14
Dnipro,6/8/20,19,10
Dnipro,6/7/20,19,7
Dnipro,6/6/20,19,7
Dnipro,6/5/20,38,8
Dnipro,6/4/20,35,15
Dnipro,6/3/20,25,15
Dnipro,6/2/20,45,10
Dnipro,6/1/20,27,16
Dnipro,5/31/20,26,9
Dnipro,5/30/20,31,8
Dnipro,5/29/20,51,11
Dnipro,5/28/20,74,19
Dnipro,5/27/20,25,28
Dnipro,5/26/20,20,8
Dnipro,5/25/20,35,8
Dnipro,5/24/20,12,13
Dnipro,5/23/20,21,5
Dnipro,5/22/20,11,9
Dnipro,5/21/20,46,4
Dnipro,5/20/20,17,16
Dnipro,5/19/20,32,7
Dnipro,5/18/20,22,10
Dnipro,5/17/20,15,7
Dnipro,5/16/20,20,6
Dnipro,5/15/20,22,8
Dnipro,5/14/20,10,12
Dnipro,5/13/20,22,5
Dnipro,5/12/20,21,11
Dnipro,5/11/20,27,7
Dnipro,5/10/20,19,11
Dnipro,5/9/20,39,7
Dnipro,5/8/20,15,13
Dnipro,5/7/20,32,5
Dnipro,5/6/20,37,9
Dnipro,5/5/20,39,11
Dnipro,5/4/20,36,12
Dnipro,5/3/20,28,11
Dnipro,5/2/20,29,10
Dnipro,5/1/20,18,11
Dnipro,4/30/20,13,8
Dnipro,4/29/20,40,7
Dnipro,4/28/20,19,21
Dnipro,4/27/20,22,7
Dnipro,4/26/20,19,9
Dnipro,4/25/20,22,10
Dnipro,4/24/20,37,12
Dnipro,4/23/20,24,18
Dnipro,4/22/20,14,10
Dnipro,4/21/20,95,6
Dnipro,4/20/20,78,49
Dnipro,4/19/20,102,38
Dnipro,4/18/20,99,55
Dnipro,4/17/20,31,51
Dnipro,4/16/20,18,16
Dnipro,4/15/20,23,7
Dnipro,4/14/20,31,13
Dnipro,4/13/20,11,16
Dnipro,4/12/20,20,5
Dnipro,4/11/20,74,8
Dnipro,4/10/20,57,36
Dnipro,4/9/20,30,23
Dnipro,4/8/20,40,15
Dnipro,4/7/20,31,17
Dnipro,4/6/20,39,13
Dnipro,4/5/20,55,20
Dnipro,4/4/20,43,23
Dnipro,4/3/20,54,19
Dnipro,4/2/20,25,24
Dnipro,4/1/20,35,12
Dnipro,3/31/20,84,15
Dnipro,3/30/20,40,53
Dnipro,3/29/20,36,35
Dnipro,3/28/20,35,26
Dnipro,3/27/20,27,28
Dnipro,3/26/20,24,12
Dnipro,3/25/20,26,12
Dnipro,3/24/20,19,11
Dnipro,3/23/20,50,8
Dnipro,3/22/20,81,19
Dnipro,3/21/20,54,42
Dnipro,3/20/20,99,27
Dnipro,3/19/20,59,54
Dnipro,3/18/20,39,31
Dnipro,3/17/20,22,19
Dnipro,3/16/20,9,11
Dnipro,3/15/20,31,4
Dnipro,3/14/20,32,12
Dnipro,3/13/20,28,13
Dnipro,3/12/20,63,12
Dnipro,3/11/20,56,32
Dnipro,3/10/20,58,34
Dnipro,3/9/20,50,26
Dnipro,3/8/20,79,20
Dnipro,3/7/20,49,38
Dnipro,3/6/20,38,21
Dnipro,3/5/20,48,17
Dnipro,3/4/20,74,25
Dnipro,3/3/20,47,37
Dnipro,3/2/20,67,19
Dnipro,3/1/20,103,30
Dnipro,2/29/20,50,53
Dnipro,2/28/20,51,22
Dnipro,2/27/20,24,28
Dnipro,2/26/20,19,14
Dnipro,2/25/20,56,10
Dnipro,2/24/20, ,29
Dnipro,2/12/20,22, 
Dnipro,2/11/20,36,9
Dnipro,2/10/20,48,16
Dnipro,2/9/20,19,27
Dnipro,2/8/20,33,9
Dnipro,2/7/20,36,18
Dnipro,2/6/20,37,16
Dnipro,2/5/20,34,15
Dnipro,2/4/20,36,17
Dnipro,2/3/20,58,14
Dnipro,2/2/20, ,20
Dnipro,1/27/20,90, 
Dnipro,1/26/20,67,54
Dnipro,1/25/20,35,35
Dnipro,1/24/20,33,18
Dnipro,1/23/20,73,14
Dnipro,1/22/20,66,38
Dnipro,1/21/20,55,33
Dnipro,1/20/20,68,31
Dnipro,1/19/20,93,42
Dnipro,1/18/20,89,59
Dnipro,1/17/20,93,52
Dnipro,1/16/20,85,52
Dnipro,1/15/20,77,43
Dnipro,1/14/20,65,36
Dnipro,1/13/20,33,29
Dnipro,1/12/20,99,14
Dnipro,1/11/20,127,54
Dnipro,1/10/20,87,76
Dnipro,1/9/20,49,49
Dnipro,1/8/20,28,22
Dnipro,1/7/20,44,11
Dnipro,1/6/20,109,22
Dnipro,1/5/20,68,66
Dnipro,1/4/20,71,34
Dnipro,1/3/20,32,38
Dnipro,1/2/20,42,15
Dnipro,1/1/20, ,19
Dnipro,12/30/19,63, 
Dnipro,12/29/19,55,28
Dnipro,12/28/19,80,20
Dnipro,12/27/19,104,42
Dnipro,12/26/19,66,70
Dnipro,12/25/19,56,29
Dnipro,12/24/19,64,23
Dnipro,12/23/19,112,29
Dnipro,12/22/19,107,56
Dnipro,12/21/19,102,62
Dnipro,12/20/19,89,60
Dnipro,12/19/19,102,44
Dnipro,12/18/19,90,52
Dnipro,12/17/19,74,45
Dnipro,12/16/19,78,33
Dnipro,12/15/19,57,40
Dnipro,12/14/19,63,26
Dnipro,12/13/19,88,27
Dnipro,12/12/19,105,51
Dnipro,12/11/19,87,65
Dnipro,12/10/19,77,54
Dnipro,12/9/19,51,42
Dnipro,12/8/19,47,19
Dnipro,12/7/19,75,20
Dnipro,12/6/19,54,37
Dnipro,12/5/19,42,23
Dnipro,12/4/19,42,22
Dnipro,12/3/19,74,18
Dnipro,12/2/19,27,40
Dnipro,12/1/19,82,11
Dnipro,11/30/19,109,43
Dnipro,11/29/19,113,59
Dnipro,11/28/19,71,74
Dnipro,11/27/19,46,41
Dnipro,11/26/19,45,24
Dnipro,11/25/19,35,23
Dnipro,11/24/19,22,17
Dnipro,11/23/19,21,11
Dnipro,11/22/19,31,12
Dnipro,11/21/19,74,13
Dnipro,11/20/19,106,38
Dnipro,11/19/19,89,63
Dnipro,11/18/19,113,48
Dnipro,11/17/19,55,59
Dnipro,11/16/19,27,23
Dnipro,11/15/19, ,11
Dnipro,11/14/19,96, 
Dnipro,11/13/19,138,49
Dnipro,11/12/19,118,77
Dnipro,11/11/19,87,63
Dnipro,11/10/19,112,40
Dnipro,11/9/19,98,58
Dnipro,11/8/19,84,50
Dnipro,11/7/19,78,42
Dnipro,11/6/19,58,37
Dnipro,11/5/19,32,26
Dnipro,11/4/19,47,14
Dnipro,11/3/19,68,18
Dnipro,11/2/19,65,35
Dnipro,11/1/19,35,34
Dnipro,10/31/19,43,16
Dnipro,10/30/19,75,20
Dnipro,10/29/19,124,40
Dnipro,10/28/19,101,64
Dnipro,10/27/19,99,59
Dnipro,10/26/19,91,53
Dnipro,10/25/19,146,46
Dnipro,10/24/19,132,111
Dnipro,10/23/19,137,84
Dnipro,10/22/19,160,107
Dnipro,10/21/19,138,116
Dnipro,10/20/19,148,65
Dnipro,10/19/19,101,75
Dnipro,10/18/19,95,50
Dnipro,10/17/19,125,44
Dnipro,10/16/19,84,61
Dnipro,10/15/19,75,36
Dnipro,10/14/19,48,30
Dnipro,10/13/19,45,18
Dnipro,10/12/19,55,19
Dnipro,10/11/19,26,23
Dnipro,10/10/19,26,11
Dnipro,10/9/19,29,10
Dnipro,10/8/19,32,10
Dnipro,10/7/19,18,11
Dnipro,10/6/19,38,5
Dnipro,10/5/19,93,11
Dnipro,10/4/19,53,38
Dnipro,10/3/19,36,21
Dnipro,10/2/19, ,15
Dnipro,9/30/19,109, 
Dnipro,9/29/19,82,51
Dnipro,9/28/19,43,41
Dnipro,9/27/19,33,23
Dnipro,9/26/19,51,19
Dnipro,9/25/19,47,27
Dnipro,9/24/19,31,25
Dnipro,9/23/19,30,14
Dnipro,9/22/19,24,12
Dnipro,9/21/19,36,9
Dnipro,9/20/19,27,16
Dnipro,9/19/19,44,12
Dnipro,9/18/19,54,19
Dnipro,9/17/19,32,27
Dnipro,9/16/19,41,18
Dnipro,9/15/19,56,20
Dnipro,9/14/19,53,29
Dnipro,9/13/19,52,26
Dnipro,9/12/19,39,26
Dnipro,9/11/19,33,19
Dnipro,9/10/19,42,15
Dnipro,9/9/19,38,20
Dnipro,9/8/19,44,17
Dnipro,9/7/19,87,19
Dnipro,9/6/19,63,36
Dnipro,9/5/19,77,22
Dnipro,9/4/19,59,34
Dnipro,9/3/19,60,26
Dnipro,9/2/19,65,29
Dnipro,9/1/19,81,33
Dnipro,8/31/19,29,46
Dnipro,8/30/19,16,16
Dnipro,8/29/19,30,10
Dnipro,8/28/19,34,14
Dnipro,8/27/19,31,18
Dnipro,8/26/19,37,14
Dnipro,8/25/19,49,14
Dnipro,8/24/19,49,19
Dnipro,8/23/19,40,20
Dnipro,8/22/19,39,17
Dnipro,8/21/19,47,16
Dnipro,8/20/19,50,18
Dnipro,8/19/19,34,21
Dnipro,8/18/19,46,11
Dnipro,8/17/19,45,15
Dnipro,8/16/19,36,16
Dnipro,8/15/19,33,21
Dnipro,8/14/19,41,14
Dnipro,8/13/19,39,16
Dnipro,8/12/19,24,15
Dnipro,8/11/19,43,9
Dnipro,8/10/19,40,18
Dnipro,8/9/19,24,16
Dnipro,8/8/19,28,9
Dnipro,8/7/19,38,11
Dnipro,8/6/19,21,17
Dnipro,8/5/19,55,8
Dnipro,8/4/19,45,19
Dnipro,8/3/19,27,18
Dnipro,8/2/19,20,11
Dnipro,8/1/19,59,8
Dnipro,7/31/19,78,24
Dnipro,7/30/19,85,34
Dnipro,7/29/19,93,38
Dnipro,7/28/19,58,40
Dnipro,7/27/19,40,22
Dnipro,7/26/19,38,13
Dnipro,7/25/19,28,13
Dnipro,7/24/19,52,10
Dnipro,7/23/19,65,17
Dnipro,7/22/19,50,28
Dnipro,7/21/19,42,20
Dnipro,7/20/19,34,18
Dnipro,7/19/19,43,16
Dnipro,7/18/19,60,18
Dnipro,7/17/19,70,23
Dnipro,7/16/19,53,23
Dnipro,7/15/19,39,21
Dnipro,7/14/19,27,15
Dnipro,7/13/19,33,12
Dnipro,7/12/19,37,13
Dnipro,7/11/19,25,17
Dnipro,7/10/19,33,10
Dnipro,7/9/19,47,15
Dnipro,7/8/19,31,14
Dnipro,7/7/19,41,14
Dnipro,7/6/19,32,16
Dnipro,7/5/19,15,15
Dnipro,7/4/19,35,8
Dnipro,7/3/19,34,13
Dnipro,7/2/19,30,17
Dnipro,7/1/19,16,14
Dnipro,6/30/19,9,9
Dnipro,6/29/19,27,5
Dnipro,6/28/19,39,12
Dnipro,6/27/19,18,23
Dnipro,6/26/19,39,9
Dnipro,6/25/19,41,14
Dnipro,6/24/19,53,14
Dnipro,6/23/19,34,29
Dnipro,6/22/19,32,16
Dnipro,6/21/19,34,14
Dnipro,6/20/19,37,14
Dnipro,6/19/19,44,15
Dnipro,6/18/19,36,18
Dnipro,6/17/19,49,12
Dnipro,6/16/19,43,19
Dnipro,6/15/19,44,19
Dnipro,6/14/19,39,18
Dnipro,6/13/19,32,18
Dnipro,6/12/19,38,16
Dnipro,6/11/19,58,15
Dnipro,6/10/19,32,24
Dnipro,6/9/19,22,13
Dnipro,6/8/19,26,12
Dnipro,6/7/19,20,15
Dnipro,6/6/19,28,12
Dnipro,6/5/19,59,12
Dnipro,6/4/19,41,22
Dnipro,6/3/19,35,16
Dnipro,6/2/19,47,13
Dnipro,6/1/19,39,21
Dnipro,5/31/19,27,18
Dnipro,5/30/19,26,13
Dnipro,5/29/19,43,10
Dnipro,5/28/19,40,15
Dnipro,5/27/19,65,16
Dnipro,5/26/19,57,26
Dnipro,5/25/19,55,19
Dnipro,5/24/19,49,20
Dnipro,5/23/19,39,16
,5/22/19,16,16
,5/21/19,14,11
,5/20/19,19,9
,5/19/19,32,9
,5/18/19,53,12
,5/17/19,49,18
,5/16/19,69,21
,5/15/19,56,28
,5/14/19,68,20
,5/13/19,73,25
,5/12/19,34,29
,5/11/19,35,11
,5/10/19,43,12
,5/9/19,91,17
,5/8/19,27,44
,5/7/19,19,15
,5/6/19,28,10
,5/5/19,34,12
,5/4/19,47,12
,5/3/19,29,18
,5/2/19,72,10
,5/1/19,99,39
,4/30/19,52,50
,4/29/19,46,18
,4/28/19,69,16
,4/27/19,64,33
,4/26/19,95,28
,4/25/19,85,44
,4/24/19,118,38
,4/23/19,62,60
,4/22/19,57,29
,4/21/19,35,29
,4/20/19,31,15
,4/19/19,23,13
,4/18/19,54,9
,4/17/19,59,20
,4/16/19,70,23
,4/15/19,94,33
,4/14/19,102,45
,4/13/19,76,50
,4/12/19,60,36
,4/11/19,49,29
,4/10/19,49,28
,4/9/19,46,22
,4/8/19,64,17
,4/7/19,97,28
,4/6/19,99,49
,4/5/19,56,51
,4/4/19,22,28
,4/3/19,23,11
,4/2/19,80,10
,4/1/19,109,36
,3/31/19,76,52
,3/30/19,54,33
,3/29/19,43,28
,3/28/19,75,18
,3/27/19,72,37
,3/26/19,87,34
,3/25/19,42,42
,3/24/19,14,16
,3/23/19,69,6
,3/22/19,50,32
,3/21/19,90,20
,3/20/19,70,44
,3/19/19,75,33
,3/18/19,54,35
,3/17/19,96,21
,3/16/19,74,44
,3/15/19,70,35
,3/14/19,48,37
,3/13/19,85,22
,3/12/19, ,52